b71f3c71-4282-4153-8503-e3591db92df6,admincheck
93c294c5-f5d2-489c-816a-731997c99021,allocation
5f838583-bcc1-4610-9450-e18eb21ff30a,Audit
a2c2cb0e-280d-40b3-bd39-39c55d751968,bad
196f050d-6ad4-41bd-97a8-bffb8b7d5877,bcadmin
0f2fa172-c291-470f-8a4b-9053ea264413,Branch Admin
911c8b15-aaf2-4b82-bf9e-a91ec1aa2409,Branch Admin 2
631bc8bb-b36b-486a-9471-6bc0e37c1dbc,BRANCHTEST
7445afc7-0d76-4cd0-a1e0-a74d86635634,checker
3c114c03-6052-4781-8133,IT Admin
e1bcb7db-ff34-4aea-ab4f-bdf20bf5eba8,log_support
1db40d13-ecbe-44cd-b5d0-fbd6aa28a2ce,logadmin
dec81fd6-d146-4d9b-928f-68489e2706e8,logadminFC
758a8725-be1f-4bf5-bc9c-d7ffb94723f0,logadminhub
22b7074b-a991-492b-bfbf-51bd63f5d5a9,logdisplay
1501892a-8ced-4d46-b3de-09a6e8f5b1f3,nladmconf
8dc392e5-dd48-4f2a-927a-4aba639bbb2c,nladmin
ebfba4e7-0d88-4577-a752-f385ae9d763a,officer
7fbfdb81-e994-4461-88f0-7ce099b84a2f,retur
4dfe1cb2-2cb4-4c61-b22c-5fa2d5fbbdc3,sub
c0bfb276-a85f-42e4-a534-267a45cd80e7,Transporter
