13wmsadm1,13
13wmstrk1,13
13wmstrk2,13
14wmsadm1,14
14wmstrk1,14
14wmstrk2,14
15wmsadm1,15
15wmstrk1,15
16wmsadm1,16
16wmstrk1,16
16wmstrk2,16
17wmsadm1,17
17wmstrk1,17
17wmstrk2,17
18wmsadm1,18
18wmstrk1,18
18wmstrk2,18
20wmsadm1,20
20wmstrk1,20
20wmstrk2,20
21wmsadm1,21
21wmstrk1,21
22wmsadm1,22
22wmstrk1,22
23wmsadm1,23
23wmstrk1,23
24wmsadm1,24
24wmstrk1,24
24wmstrk2,24
25wmsadm1,25
25wmstrk1,25
27wmsadm1,27
27wmstrk1,27
28wmsadm1,28
28wmstrk1,28
29wmsadm1,29
29wmstrk1,29
30wmsadm1,30
30wmstrk1,30
31wmsadm1,31
31wmstrk1,31
31wmstrk2,31
33wmsadm1,33
33wmstrk1,33
34wmsadm1,34
34wmstrk1,34
34wmstrk2,34
36wmsadm1,36
36wmstrk1,36
36wmstrk2,36
38wmsadm1,38
38wmstrk1,38
39wmsadm1,39
39wmstrk1,39
91admin1,37
91wmsadm1,91
91wmsadm2,91
92admin1,92
92wmsadm1,92
92wmsadm2,92
93admin1,93
93wmsadm1,93
93wmsadm2,93
99mis,19
99tes13,13
99tes14,14
administrator,10
administrator,13
administrator,14
administrator,36
alc8,20
alc8,23
alc8,27
alc8,28
alc8,91
alc8,92
alc8,93
bca11,11
bca12,12
bca13,13
bca15,15
bca16,16
bca17,17
bca18,18
bca19,19
bca20,20
bca21,21
bca22,22
bca23,23
bca24,24
bca25,25
bca26,26
bca27,27
bca27,37
bca28,28
bca29,29
bca30,30
bca31,31
bca32,32
bca33,33
bca34,34
bca35,35
bca36,36
bca37,37
bca38,38
bca39,39
bca40,40
bca41,41
bca80,80
bca91,91
bca94,94
bia01,10
bia01,11
bia01,12
bia01,13
bia01,14
bia01,15
bia01,16
bia01,17
bia01,18
bia01,19
bia01,20
bia01,21
bia01,22
bia01,23
bia01,24
bia01,25
bia01,26
bia01,27
bia01,28
bia01,29
bia01,30
bia01,31
bia01,32
bia01,33
bia01,34
bia01,35
bia01,36
bia01,37
bia01,38
bia01,39
bia01,40
bia01,41
bia01,80
bia11,11
logadmsby2,80
logkr1,28
logkr2,10
logkr2,11
logkr2,12
logkr2,13
logkr2,14
logkr2,15
logkr2,16
logkr2,17
logkr2,18
logkr2,19
logkr2,20
logkr2,21
logkr2,22
logkr2,23
logkr2,24
logkr2,25
logkr2,26
logkr2,27
logkr2,28
logkr2,29
logkr2,30
logkr2,31
logkr2,32
logkr2,33
logkr2,34
logkr2,35
logkr2,36
logkr2,37
logkr2,38
logkr2,39
logkr2,40
logkr2,41
logkr2,80
logkr2,81
logkr2,91
logkr2,92
logkr2,93
logkr9,13
logkr9,14
logkr9,81
logsd1,10
logsd1,13
logsd1,14
logsd1,15
logsd1,16
logsd1,17
logsd1,18
logsd1,20
logsd1,21
logsd1,22
logsd1,23
logsd1,24
logsd1,25
logsd1,27
logsd1,28
logsd1,29
logsd1,30
logsd1,31
logsd1,32
logsd1,33
logsd1,34
logsd1,36
logsd1,38
logsd1,39
logsd1,81
logsd1,91
logsd1,92
logsd1,93
logsd11,13
logsd11,14
logsd11,81
logsd6,11
logsd6,13
logsd6,14
logsd6,15
logsd6,16
logsd6,17
logsd6,18
logsd6,19
logsd6,20
logsd6,21
logsd6,22
logsd6,23
logsd6,24
logsd6,25
logsd6,27
logsd6,28
logsd6,29
logsd6,30
logsd6,31
logsd6,32
logsd6,33
logsd6,34
logsd6,36
logsd6,37
logsd6,38
logsd6,39
logsd6,80
mis5,10
mis5,11
mis5,12
mis5,13
mis5,14
mis5,15
mis5,16
mis5,17
mis5,18
mis5,19
mis5,20
mis5,21
mis5,22
mis5,23
mis5,24
mis5,25
mis5,26
mis5,27
mis5,28
mis5,29
mis5,30
mis5,31
mis5,32
mis5,33
mis5,34
mis5,35
mis5,36
mis5,37
mis5,38
mis5,39
mis5,40
mis5,41
mis5,80
mis5,81
mis6,27
usr113,13
